"","coef","standard_error","T_value","P_value"
"(Intercept)",-126.109145974208,1.39240281352205,-90.5694420820776,0
"modelAudi A4 ",-0.144124762250179,0.0352825273837226,-4.08487636621717,0.0000444306012907989
"modelAudi A6 ",-0.0294331513559957,0.0360188367339107,-0.817159964754921,0.413855713617169
"modelAudi Q7 ",0.314408725830943,0.0592376775704171,5.30758022134138,0.000000113373998579805
"modelBMW 316",-0.0883469678084086,0.050135772056975,-1.76215432980687,0.0780725619117998
"modelBMW 318",-0.193102858808213,0.0217973673543214,-8.8589991474328,0.000000000000000000938836119688355
"modelBMW 320",-0.155235503116948,0.0154208656878468,-10.0665881059641,0.00000000000000000000000996491810682013
"modelBMW 323",-0.0827878948453796,0.029067899267565,-2.84808661552496,0.00440691012152545
"modelBMW 325",-0.221352309426001,0.0155512520282574,-14.2337291572275,0.0000000000000000000000000000000000000000000015113404972197
"modelBMW 328",-0.224042824268991,0.01925124749813,-11.6378340827395,0.000000000000000000000000000000412186057306273
"modelBMW 330",-0.189522896164382,0.0212533694671589,-8.91731056843649,0.000000000000000000557748229799926
"modelBMW 335",-0.264024617819685,0.154244386372811,-1.71172918527832,0.0869763649998077
"modelBMW 520",0.378411203743216,0.0892942070081617,4.23780238855392,0.0000227663194956802
"modelBMW 523",-0.0731461507866476,0.0889711216728644,-0.822133625060913,0.411019674239302
"modelBMW 525",-0.0215952601627269,0.0167432173327352,-1.28979154564907,0.197151688379001
"modelBMW 528",0.0308007708169623,0.0190228378270243,1.61914700093832,0.10544592183328
"modelBMW 530",-0.0356000862852426,0.0169031155191313,-2.10612571658459,0.0352173043026401
"modelBMW 535",0.064500390231467,0.0289741714494325,2.22613407061655,0.0260265193151155
"modelBMW 740",0.0145082448837187,0.0773809862459582,0.187491082597523,0.851279267783247
"modelBMW 745",0.049294190107325,0.0633930861498456,0.777595682765873,0.436825072707195
"modelBMW 750",0.202781023122739,0.0373666219074,5.42679570086,0.0000000586613405813685
"modelBMW M3 ",-0.0768495036931171,0.0707795871221011,-1.0857580104352,0.277611202450373
"modelBMW X3 ",-0.107248510016994,0.063565682528567,-1.68720771571665,0.0915933691477302
"modelBMW X5 ",0.127661075613813,0.0151694479191182,8.4156705171136,0.0000000000000000441894872920078
"modelBMW X6 ",0.655974947091069,0.0262726397630511,24.9679877243858,0.000000000000000000000000000000000000000000000000000000000000000000000000000000000000000000000000000000000000000000000000000000000000110694291043444
"modelChevrolet Aveo ",-0.74468649097178,0.0514517169279953,-14.4735012830367,0.0000000000000000000000000000000000000000000000508922090645841
"modelChevrolet Camaro ",0.181627755286161,0.0554462610086222,3.27574397231072,0.0010572859950328
"modelChevrolet Cruze ",-0.407542459561866,0.0470798080375001,-8.65641718923852,0.00000000000000000558710911027899
"modelChevrolet Niva ",-0.409308108191003,0.0647279600784239,-6.32351317259325,0.000000000266166654888627
"modelChrysler 300",-0.0449161888426778,0.0586416897132336,-0.765942950524184,0.443727609603888
"modelChrysler 300 C ",-0.248605905752227,0.0774462911707727,-3.21004275342301,0.0013311783393355
"modelFord Escape ",-0.270758564924893,0.042367693690398,-6.39068453674778,0.000000000172207601943331
"modelFord Explorer ",-0.0960648922791382,0.0264699966905327,-3.62919925537796,0.000285663607872643
"modelFord Fiesta ",-0.649898150486678,0.0601351114992345,-10.8072993345153,0.00000000000000000000000000442460617517407
"modelFord Focus ",-0.513677000739082,0.0306453885500983,-16.7619672989081,0.0000000000000000000000000000000000000000000000000000000000000301977442518579
"modelFord Fusion ",-0.201336375624127,0.0302297200230986,-6.66021304432476,0.0000000000287223650120327
"modelFord Mondeo ",-0.378979256839425,0.0559539767270089,-6.77305312343406,0.000000000013289652669301
"modelFord Mustang ",0.351328844566166,0.0636059319652423,5.52352325814754,0.0000000340253359397394
"modelFord Transit ",-0.0672513063272669,0.0339830441010175,-1.9789665142227,0.0478460782249373
"modelGAZ 3110",-1.06577351733006,0.0698432309454711,-15.2595105195255,0.000000000000000000000000000000000000000000000000000518902285073905
"modelGAZ 31105",-1.09002044255121,0.0594536834650313,-18.3339429791986,0.0000000000000000000000000000000000000000000000000000000000000000000000000641437149153952
"modelGAZ Газель ",-0.476014709465031,0.154138981398812,-3.0882175627813,0.00201890776648509
"modelHonda Accord ",-0.145638442272231,0.0286401330426615,-5.08511751866836,0.000000373790644833678
"modelHonda Civic ",-0.511538441474445,0.0896768246345629,-5.70424347158797,0.0000000120047976455263
"modelHonda CR-V ",0.0316405261487785,0.0217332433120108,1.45585846044858,0.145461898587067
"modelHonda Elysion ",-0.205395415320735,0.0179450122259818,-11.4458219773934,0.00000000000000000000000000000373624293617975
"modelHonda Fit ",-0.669749705816164,0.0263836053600838,-25.3850713985223,0.00000000000000000000000000000000000000000000000000000000000000000000000000000000000000000000000000000000000000000000000000000000000000000547833120656584
"modelHonda Odyssey ",-0.241931677785256,0.0332228663856262,-7.2820832187414,0.000000000000352468673704771
"modelHonda Pilot ",0.161560929069994,0.0775426031876803,2.08351180420084,0.0372289252077694
"modelHyundai Elantra ",-0.331623908106599,0.018133582686129,-18.2878316903294,0.000000000000000000000000000000000000000000000000000000000000000000000000145700154089875
"modelHyundai Այլ/Օther ",-0.332370618779045,0.153893026105448,-2.15975101140258,0.030814701974942
"modelHyundai Santa Fe ",-0.0494351785613201,0.041266581761917,-1.19794701791709,0.230964909731482
"modelHyundai Solaris ",-0.291023460371904,0.0494296660917166,-5.88762747925328,0.00000000403882826946658
"modelHyundai Sonata ",-0.360180204462853,0.0171269201098771,-21.0300627405354,0.00000000000000000000000000000000000000000000000000000000000000000000000000000000000000000000000342223254758403
"modelHyundai Tucson ",0.0202155915843866,0.0359144104783664,0.562882456237553,0.57352704569827
"modelHyundai Veloster ",-0.238246004037606,0.037070205974513,-6.42688643816568,0.000000000135941129318581
"modelInfiniti EX35 ",-0.00873096880937391,0.0528787643181563,-0.165112950764927,0.868858284781452
"modelInfiniti FX35 ",0.199077784821873,0.0209007463792664,9.52491270930683,0.00000000000000000000201910512765675
"modelInfiniti G35 ",-0.227737763439094,0.0363184206723636,-6.27058553821946,0.000000000373957054808878
"modelInfiniti G37 ",-0.0783421372933554,0.0635460539003039,-1.2328403179254,0.21766317760491
"modelInfiniti QX4 ",-0.00727678424667655,0.0496741322538881,-0.146490414960535,0.883537091808051
"modelJeep Grand Cherokee ",-0.106012383409831,0.0342773343652557,-3.09278377017811,0.00198813089286758
"modelJeep Liberty ",-0.243404409626142,0.069446785153148,-3.50490536155666,0.000458689998963604
"modelKia Cerato ",-0.503290909329839,0.0535060536727463,-9.40624237414457,0.00000000000000000000622466419134846
"modelKia Forte ",-0.470122322114759,0.020678072854252,-22.7353064005715,0.00000000000000000000000000000000000000000000000000000000000000000000000000000000000000000000000000000000000000102257433898094
"modelKia Forte Coupe ",-0.455650055839217,0.0338221376364253,-13.4719473008263,0.0000000000000000000000000000000000000000504223997800323
"modelKia Optima ",-0.289067733818324,0.0201305907166954,-14.359625004873,0.000000000000000000000000000000000000000000000256456207835812
"modelKia Rio ",-0.413248505794409,0.0320638602824647,-12.8882954876275,0.000000000000000000000000000000000000101703640192739
"modelKia Sorento ",-0.151758928369814,0.0172154698133243,-8.81526499220819,0.00000000000000000138442649468504
"modelKia Sportage ",-0.021795376908237,0.0238315966041454,-0.914557982424299,0.36044490177057
"modelLand Rover Freelander ",-0.241129840588888,0.0553850554206971,-4.35369864230161,0.0000135138480964045
"modelLand Rover Range Rover ",0.465195904136579,0.0344964625086993,13.4853219810369,0.0000000000000000000000000000000000000000421944921876674
"modelLand Rover Range Rover Sport ",0.62155488417328,0.0293360158542765,21.1874334695204,0.000000000000000000000000000000000000000000000000000000000000000000000000000000000000000000000000140519762381413
"modelLexus ES 350 ",0.409129621416907,0.0394428722430504,10.3727137033991,0.000000000000000000000000437156676850006
"modelLexus GS 300 ",-0.0263311139378022,0.077148289629595,-0.341305219651963,0.73288070540033
"modelLexus GS 350 ",0.432425953678558,0.0413722336947581,10.4520813855247,0.000000000000000000000000191519618178623
"modelLexus GX 460 ",0.952300608179061,0.0270134709215254,35.2528044598752,0.0000000000000000000000000000000000000000000000000000000000000000000000000000000000000000000000000000000000000000000000000000000000000000000000000000000000000000000000000000000000000000000000000000000000000000000000000000000000000000000000000000000000000000277952093151384
"modelLexus GX 460 Premium ",1.01182253826603,0.0777888413818611,13.0072966802404,0.0000000000000000000000000000000000000221255918634092
"modelLexus GX 470 ",0.630187961400283,0.0159316367813655,39.5557575187369,0.000000000000000000000000000000000000000000000000000000000000000000000000000000000000000000000000000000000000000000000000000000000000000000000000000000000000000000000000000000000000000000000000000000000000000000000000000000000000000000000000000000000000000000000000000000000000000000000000000000000000000000000000000000631346726194695
"modelLexus IS 250 ",0.126585845948878,0.0252909850434646,5.00517657700282,0.000000567238620427748
"modelLexus LS 460 ",0.441406259435539,0.0892389271291466,4.94634206882312,0.000000768026198244264
"modelLexus LX 470 ",1.06308004912577,0.0478084766040087,22.236225134951,0.0000000000000000000000000000000000000000000000000000000000000000000000000000000000000000000000000000000000464393703234882
"modelLexus LX 570 ",1.19942962064496,0.0399070233726383,30.0556022293392,0.000000000000000000000000000000000000000000000000000000000000000000000000000000000000000000000000000000000000000000000000000000000000000000000000000000000000000000000000000000000000000000000213934170770727
"modelLexus RX 300 ",0.0850156273566864,0.0377892947258344,2.24972781242636,0.0244870262391747
"modelLexus RX 330 ",0.336444692721388,0.0319279227664802,10.5376317520602,0.0000000000000000000000000781495470919586
"modelLexus RX 350 ",0.413499220490699,0.0232421146942793,17.7909465610062,0.000000000000000000000000000000000000000000000000000000000000000000000890839565652491
"modelMazda 3",-0.364370592367913,0.0308026266203024,-11.8292052447161,0.0000000000000000000000000000000442321447282487
"modelMazda 6",-0.149612818156061,0.0232567433562825,-6.43309408647903,0.000000000130522408949276
"modelMazda CX5 ",0.221838469010405,0.0433854078258734,5.11320464937774,0.000000322368948536979
"modelMazda CX7 ",-0.179705350863332,0.0695295080497661,-2.58459114559975,0.00976293099251472
"modelMazda CX9 ",0.0278782919903505,0.0637939885944647,0.437005000072522,0.662116783731087
"modelMazda Demio ",-0.677179871504855,0.0706025385009772,-9.59143801175764,0.00000000000000000000106776669568627
"modelMazda MPV ",-0.304594458392199,0.0559858776087722,-5.44055878735521,0.0000000543166330724211
"modelMercedes-Benz 240",-0.192690333000414,0.0889956342265047,-2.16516613062157,0.0303976019260009
"modelMercedes-Benz 320",0.0504011555221414,0.0306100435110657,1.64655615415643,0.0996794853370709
"modelMercedes-Benz 350",0.0352629469774434,0.0691739114841305,0.509772343660706,0.610221767008135
"modelMercedes-Benz A 160 ",-0.624695817360438,0.0530985723862488,-11.7648326364838,0.0000000000000000000000000000000940804256694394
"modelMercedes-Benz A 170 ",-0.584697318462473,0.0367501480939914,-15.9100670007387,0.0000000000000000000000000000000000000000000000000000000248142836065433
"modelMercedes-Benz A 180 ",-0.636623584677126,0.0788453574198093,-8.0743319012107,0.000000000000000753374006950206
"modelMercedes-Benz A 200 ",-0.572769439501218,0.0702921634853155,-8.14841101911557,0.000000000000000411016990862832
"modelMercedes-Benz B 170 ",-0.339447857894437,0.0237798024694417,-14.274628997892,0.000000000000000000000000000000000000000000000850759640141542
"modelMercedes-Benz B 180 ",-0.281545653456152,0.0702541255847568,-4.00753195791308,0.0000617839162949606
"modelMercedes-Benz B 200 ",-0.286796344645745,0.0311328726280857,-9.21201034263118,0.0000000000000000000381666540224334
"modelMercedes-Benz C 180 ",-0.0403928847688598,0.0205563946410949,-1.96497904783893,0.0494432074720113
"modelMercedes-Benz C 200 ",-0.0944385097257748,0.0200019672767675,-4.72146106525562,0.00000237212179289081
"modelMercedes-Benz C 230 ",-0.183811290019907,0.0182991180791902,-10.0448168717452,0.0000000000000000000000124036865021876
"modelMercedes-Benz C 240 ",-0.125005978421164,0.0181374612277617,-6.89214310930275,0.00000000000581388317080095
"modelMercedes-Benz C 250 ",0.176556030483475,0.0453470142135518,3.89344334010665,0.0000994482844658167
"modelMercedes-Benz C 280 ",-0.164766256784305,0.0469986869621946,-3.50576297837517,0.000457216424815604
"modelMercedes-Benz C 300 ",0.0235719008256193,0.024244316231044,0.972265029089017,0.330941300429337
"modelMercedes-Benz C 320 ",-0.14652917200413,0.0491437084842443,-2.98164661405453,0.00287366082963238
"modelMercedes-Benz CLK 200 ",-0.129628991814515,0.0494269805955065,-2.62263626571395,0.00873794310335292
"modelMercedes-Benz CLK 320 ",-0.0660640280204198,0.0351687748779741,-1.87848533961287,0.0603427163178911
"modelMercedes-Benz CLS 350 ",0.285306561408445,0.0229865141792426,12.4119107048464,0.0000000000000000000000000000000000398857773448559
"modelMercedes-Benz CLS 500 ",0.260235050510946,0.0267748338942755,9.71938991436973,0.00000000000000000000030982099444452
"modelMercedes-Benz CLS 55 AMG ",0.189351982733512,0.0777885053481572,2.43418975446348,0.0149418610897351
"modelMercedes-Benz E 200 ",0.333254280811476,0.030793260131292,10.8223123953291,0.00000000000000000000000000376320642741101
"modelMercedes-Benz E 240 ",0.0732368906102931,0.0237257747974972,3.08680712159582,0.00202850236045417
"modelMercedes-Benz E 280 ",-0.018947561537857,0.0550115620840497,-0.344428713165932,0.730530853793048
"modelMercedes-Benz E 350 ",0.0419735945434807,0.0127754336128059,3.28549275238743,0.00102140690310991
"modelMercedes-Benz E 500 ",-0.0154609724510509,0.058824806364622,-0.262830826084101,0.792686174590236
"modelMercedes-Benz G 500 ",1.20542551701997,0.025410767164012,47.4375885324373,0
"modelMercedes-Benz G 55 AMG ",1.14863493691906,0.0360693046010885,31.8452199071341,0.0000000000000000000000000000000000000000000000000000000000000000000000000000000000000000000000000000000000000000000000000000000000000000000000000000000000000000000000000000000000000000000000000000000000000000000190502193781063
"modelMercedes-Benz GL 450 ",0.523482187141508,0.0778915434990627,6.72065494693666,0.0000000000190371751352824
"modelMercedes-Benz GL 500 ",0.756547970592099,0.0898018125555801,8.42464031696306,0.0000000000000000409536369575942
"modelMercedes-Benz ML 320 ",-0.0540396507067409,0.037748232434836,-1.4315809568045,0.152293795253558
"modelMercedes-Benz ML 350 ",0.263283288826287,0.0215772960715863,12.2018666265134,0.000000000000000000000000000000000518298184223882
"modelMercedes-Benz ML 500 ",0.266421546227347,0.0895678498174702,2.97452207204131,0.00294118398169223
"modelMercedes-Benz S 320 ",0.0979821439335324,0.032307851745182,3.03276567895432,0.0024292028412141
"modelMercedes-Benz S 350 ",0.405096640633869,0.0247066045698292,16.3962894815809,0.0000000000000000000000000000000000000000000000000000000000113365203573578
"modelMercedes-Benz S 430 ",0.0128812543006243,0.0772818957619746,0.16667880845338,0.86762601695583
"modelMercedes-Benz S 500 ",0.327370246105045,0.0206528326741939,15.8511062995296,0.0000000000000000000000000000000000000000000000000000000621285218592823
"modelMercedes-Benz S 550 ",0.439795527665688,0.0226258674138685,19.4377311429004,0.000000000000000000000000000000000000000000000000000000000000000000000000000000000107035069962468
"modelMercedes-Benz Sprinter ",0.768140358309896,0.0415683813006383,18.4789576662708,0.00000000000000000000000000000000000000000000000000000000000000000000000000479918440225626
"modelMercedes-Benz Viano ",0.235796671123861,0.0204596356148542,11.5249692400517,0.0000000000000000000000000000015124194585473
"modelMercedes-Benz Vito ",0.221531204638738,0.0307396401454133,7.20669479508508,0.000000000000612995187474866
"modelMitsubishi Airtrek ",-0.296098660297295,0.0213663248504782,-13.8581933191317,0.000000000000000000000000000000000000000000274688766015668
"modelMitsubishi Chariot ",-0.51733385486262,0.0642017412400124,-8.05794118462636,0.000000000000000860842790164224
"modelMitsubishi Colt ",-0.741884538700444,0.065427976147059,-11.3389498252697,0.0000000000000000000000000000125503308196264
"modelMitsubishi Grandis ",-0.348399715121614,0.028551307926983,-12.2025833636977,0.000000000000000000000000000000000513819008021932
"modelMitsubishi Lancer ",-0.331191762644406,0.044889143449329,-7.37799247647166,0.000000000000172946419822683
"modelMitsubishi Montero ",0.0299266699325921,0.0589572815734948,0.507599216481618,0.611745190791574
"modelMitsubishi Montero Sport ",0.0164941010535615,0.0890458703561924,0.185231510316912,0.853051062624572
"modelMitsubishi Outlander ",-0.148030925008163,0.0222519270038262,-6.65249912884887,0.0000000000302625766744952
"modelMitsubishi Pajero ",0.135082990897165,0.0301761886030532,4.47647622680545,0.00000766916731398522
"modelMitsubishi Pajero Pinin (IO) ",-0.364385689112058,0.0285207489155644,-12.7761613199857,0.000000000000000000000000000000000000422881954710317
"modelNissan Altima ",-0.354209860494919,0.0297064186500781,-11.9236810289142,0.0000000000000000000000000000000145075844482561
"modelNissan BlueBird ",-0.510250420488718,0.0317185020411493,-16.08683852178,0.00000000000000000000000000000000000000000000000000000000155347906943268
"modelNissan Elgrand ",-0.1391414009602,0.0264817718458361,-5.25423305397435,0.000000151580289789056
"modelNissan Fuga ",-0.321316109057123,0.0234479664887384,-13.7033678042591,0.00000000000000000000000000000000000000000225737297056985
"modelNissan Juke ",-0.0837294116197134,0.0323229381376676,-2.5904022481836,0.00959974297625368
"modelNissan Liberty ",-0.53499489779115,0.154436862243584,-3.46416580872599,0.000534019217783492
"modelNissan March ",-0.829137855159326,0.0336712331220335,-24.6245170812221,0.00000000000000000000000000000000000000000000000000000000000000000000000000000000000000000000000000000000000000000000000000000000034861440297549
"modelNissan Maxima ",-0.119963768419819,0.0351755662245812,-3.41042892256235,0.000651070607948243
"modelNissan Murano ",-0.235093421959272,0.032029431448969,-7.33991867241965,0.000000000000229680048170412
"modelNissan Note ",-0.808723683042299,0.0360464001282406,-22.4356296374989,0.000000000000000000000000000000000000000000000000000000000000000000000000000000000000000000000000000000000000656662641346471
"modelNissan Pathfinder ",0.097959870136828,0.0267684632456426,3.65952536153804,0.000253931657361962
"modelNissan Patrol ",0.70143966093729,0.0597923102518746,11.7312687531638,0.000000000000000000000000000000139223688378364
"modelNissan Qashqai ",-0.0428054310503586,0.0910306580647709,-0.470230930549808,0.638199886115966
"modelNissan Quest ",0.0719849709855278,0.0560813708931516,1.28358080123748,0.199317233480897
"modelNissan Rogue ",-0.239017810874966,0.0697017781569524,-3.42914940185245,0.000607822439531216
"modelNissan Sentra ",-0.191424653945734,0.041552839915338,-4.60677668086593,0.00000413812744373033
"modelNissan Skyline ",-0.474988890592702,0.0224780408376304,-21.1312406638894,0.000000000000000000000000000000000000000000000000000000000000000000000000000000000000000000000000440482244331102
"modelNissan Sunny ",-0.620911037108939,0.0600274417160816,-10.3437864309749,0.00000000000000000000000058968358732116
"modelNissan Teana ",-0.481778513432832,0.0155202758479321,-31.041878259981,0.000000000000000000000000000000000000000000000000000000000000000000000000000000000000000000000000000000000000000000000000000000000000000000000000000000000000000000000000000000000000000000000000000000000203630997582816
"modelNissan Tiida ",-0.638634047393475,0.0173541976593558,-36.7999754254949,0.0000000000000000000000000000000000000000000000000000000000000000000000000000000000000000000000000000000000000000000000000000000000000000000000000000000000000000000000000000000000000000000000000000000000000000000000000000000000000000000000000000000000000000000000000000000000000080177828833567
"modelNissan Versa ",-0.564963721263231,0.0258084806339016,-21.8906230582634,0.0000000000000000000000000000000000000000000000000000000000000000000000000000000000000000000000000000000687098830710612
"modelNissan X-Trail ",-0.334318741337877,0.0157348733354895,-21.2469928552798,0.0000000000000000000000000000000000000000000000000000000000000000000000000000000000000000000000000417355253870719
"modelNissan Xterra ",-0.0308944840244657,0.018843826243457,-1.63950163970509,0.10113903694322
"modelNiva 2121",-0.551460784756954,0.0275977123712059,-19.982119435824,0.00000000000000000000000000000000000000000000000000000000000000000000000000000000000000335530877497764
"modelNiva 4x4 Urban ",-0.401575036270176,0.0410116189764543,-9.79173820230625,0.000000000000000000000152839443915704
"modelNiva Այլ/Օther ",-0.655259078400644,0.109995374569998,-5.95715120715057,0.00000000264978988645265
"modelOpel Astra ",-0.391329737106548,0.0176021429801883,-22.2319371878186,0.0000000000000000000000000000000000000000000000000000000000000000000000000000000000000000000000000000000000508738211098971
"modelOpel Combo ",-0.329681190400344,0.0513698604391683,-6.41779416143732,0.000000000144276822135226
"modelOpel Corsa ",-0.54637078673105,0.0703936545345181,-7.76164826707686,0.00000000000000916964261760873
"modelOpel Vectra ",-0.374109536331337,0.0350021047659063,-10.6882011477132,0.0000000000000000000000000158623781719162
"modelOpel Vectra B ",-0.440382217038058,0.0294183477315609,-14.9696448303792,0.0000000000000000000000000000000000000000000000000384629920034652
"modelOpel Zafira ",-0.288989155972459,0.0176281673217251,-16.3936018247516,0.0000000000000000000000000000000000000000000000000000000000118359698275917
"modelPeugeot 307",-0.328596713817197,0.109368068749785,-3.00450321170952,0.00266647839967233
"modelPorsche Cayenne ",0.389995451538791,0.0204114207136689,19.1067274056834,0.0000000000000000000000000000000000000000000000000000000000000000000000000000000514884787838729
"modelPorsche Panamera ",1.0400551295652,0.090030615959461,11.5522382967314,0.00000000000000000000000000000110598556171029
"modelSubaru Forester ",-0.188311224905903,0.0359651641943836,-5.23593396899632,0.000000167353033234224
"modelSubaru Legacy ",-0.380617458896917,0.0360626461449143,-10.5543408369824,0.0000000000000000000000000655446965391984
"modelSuzuki Grand Vitara ",-0.133050177582931,0.0370509933558579,-3.59100163132051,0.000330926137334374
"modelSuzuki Kizashi ",-0.360626493417025,0.0463503613183846,-7.78044621788061,0.00000000000000791159960319189
"modelSuzuki Swift ",-0.49284135246132,0.064458122890756,-7.64591536890689,0.0000000000000225761976049958
"modelSuzuki SX 4 ",-0.442580307067051,0.0297667174143473,-14.8682940381505,0.000000000000000000000000000000000000000000000000170152273516134
"modelToyota 4-Runner ",0.43716019070616,0.0243225185635474,17.9734754673531,0.0000000000000000000000000000000000000000000000000000000000000000000000371719513425493
"modelToyota Alphard ",0.0351145801959824,0.0201423850336213,1.74331789097318,0.0813076158725303
"modelToyota Altezza ",-0.34607041342496,0.0310746290156977,-11.1367512464956,0.00000000000000000000000000012057807796589
"modelToyota Camry ",-0.0681647427852811,0.0150504445637043,-4.5290850045498,0.00000598982248915141
"modelToyota Corolla ",-0.0661598234937188,0.0193758820772862,-3.41454511489188,0.000641322856949755
"modelToyota Highlander ",0.400325679694497,0.0499650776189439,8.01210963280314,0.00000000000000124813395226253
"modelToyota Ipsum ",-0.206224305680483,0.0211101070608132,-9.76898435836444,0.000000000000000000000190978746006242
"modelToyota Land Cruiser 100 ",0.83676909864152,0.0523442774256983,15.9858754346031,0.00000000000000000000000000000000000000000000000000000000758862895233212
"modelToyota Land Cruiser 200 ",1.06280380869292,0.0302710926406398,35.1095291243659,0.00000000000000000000000000000000000000000000000000000000000000000000000000000000000000000000000000000000000000000000000000000000000000000000000000000000000000000000000000000000000000000000000000000000000000000000000000000000000000000000000000000000000000252400183433493
"modelToyota Land Cruiser Prado ",0.781810318478921,0.0201042174012032,38.8878762538715,0.0000000000000000000000000000000000000000000000000000000000000000000000000000000000000000000000000000000000000000000000000000000000000000000000000000000000000000000000000000000000000000000000000000000000000000000000000000000000000000000000000000000000000000000000000000000000000000000000000000000000000000000052339160591636
"modelToyota Prius ",-0.0621698087391962,0.06143413635619,-1.01197497721366,0.31157353120614
"modelToyota Rav 4 ",0.165740961643844,0.021338453028772,7.76724354949087,0.00000000000000877590388327446
"modelToyota Sequoia ",0.45376380862911,0.0555678394577872,8.16594298171008,0.000000000000000355830988767956
"modelToyota Sienna ",0.218607967717512,0.0527606250470358,4.14339230292713,0.0000344911560256032
"modelToyota Vitz ",-0.669313434768238,0.0453000986512091,-14.7750988341473,0.000000000000000000000000000000000000000000000000662199607846926
"modelToyota Voxy ",-0.269525251292522,0.059726169560931,-4.5126826862312,0.0000064714519567645
"modelVAZ(Lada) 2106",-1.09033705161267,0.0507379402225836,-21.4895805156742,0.000000000000000000000000000000000000000000000000000000000000000000000000000000000000000000000000000287826504865246
"modelVAZ(Lada) 2107",-1.17631790882822,0.0280533396181388,-41.931474998707,0
"modelVAZ(Lada) 21099",-0.737842191918725,0.0706157648449339,-10.4486893760757,0.000000000000000000000000198419934265566
"modelVAZ(Lada) 2110",-1.00660725056712,0.040941148623123,-24.5866880734901,0.000000000000000000000000000000000000000000000000000000000000000000000000000000000000000000000000000000000000000000000000000000000841406083571675
"modelVAZ(Lada) 2112",-0.909439980804892,0.0361882607943922,-25.1308010067679,0.00000000000000000000000000000000000000000000000000000000000000000000000000000000000000000000000000000000000000000000000000000000000000234921231068927
"modelVAZ(Lada) 2113",-0.90150113952893,0.0604581115354179,-14.9111693474052,0.0000000000000000000000000000000000000000000000000908133914907252
"modelVAZ(Lada) 2114",-1.01888259500609,0.0349259779494885,-29.172628937682,0.00000000000000000000000000000000000000000000000000000000000000000000000000000000000000000000000000000000000000000000000000000000000000000000000000000000000000000000000000000000000654691398628458
"modelVAZ(Lada) 2115",-0.952036872583778,0.0459294025509514,-20.728265984467,0.00000000000000000000000000000000000000000000000000000000000000000000000000000000000000000000146872772059205
"modelVAZ(Lada) 2121",-0.516379433319013,0.0496102778759787,-10.4087188265689,0.000000000000000000000000300859601184713
"modelVAZ(Lada) 2170 Priora ",-0.774770850125804,0.0271743753636075,-28.5110822147321,0.000000000000000000000000000000000000000000000000000000000000000000000000000000000000000000000000000000000000000000000000000000000000000000000000000000000000000000000000000315218009872074
"modelVAZ(Lada) 2172 Priora ",-0.80829018753821,0.037417070888365,-21.6021769835958,0.0000000000000000000000000000000000000000000000000000000000000000000000000000000000000000000000000000280763044931911
"modelVolkswagen Caddy ",-0.022302960451385,0.0495806989278993,-0.449831505679624,0.652841302185535
"modelVolkswagen Golf ",-0.425197907375146,0.0229854883930232,-18.4985369945067,0.00000000000000000000000000000000000000000000000000000000000000000000000000337682294093364
"modelVolkswagen Jetta ",-0.433100850907106,0.0228894386716037,-18.9214273500033,0.00000000000000000000000000000000000000000000000000000000000000000000000000000156525991850327
"modelVolkswagen New Beetle ",-0.308560884447502,0.0448169237953391,-6.88491887253521,0.00000000000611528374765293
"modelVolkswagen Passat ",-0.363280115402902,0.0222023246899544,-16.3622557761832,0.0000000000000000000000000000000000000000000000000000000000195599839104794
"modelVolkswagen Passat CC ",-0.0873916407080865,0.0482917431897213,-1.809660097892,0.0703773343446767
"modelVolkswagen Polo ",-0.398836040633743,0.0412512090145627,-9.66846912275817,0.000000000000000000000507908846316038
"modelVolkswagen Tiguan ",-0.0270887739428868,0.0382616886411056,-0.707986889888196,0.478969245247914
"modelVolkswagen Touareg ",0.0135260251752771,0.0236852585697828,0.571073570314886,0.567962097526621
"modelVolvo XC90 ",0.0462380202954692,0.047548927146279,0.972430359011531,0.330859082475773
"year",0.0672062561754196,0.000694843564179332,96.7214199570169,0
"Horsepower",0.00124721640671033,0.0000685479923239859,18.194791188274,0.000000000000000000000000000000000000000000000000000000000000000000000000758308193224125
"Hand_DriveRight",-0.0015710925734662,0.00740298305424882,-0.21222425635089,0.831936237696819
"Hand_DriveSwitched from right to left",-0.021064188629986,0.0141096617152281,-1.49289111639382,0.135495987490697
"Engine_Cylinders",0.000791281835952422,0.00269453781317552,0.293661433171685,0.769022479916797
"EngineDiesel",0.126727042166197,0.0283714092959794,4.4667165047792,0.00000802664555584646
"EngineElectricity",0.067720900977276,0.110057729365729,0.615321625909935,0.538355785535091
"EngineHybrid:",0.0784687674984039,0.0320621116263993,2.44739861219229,0.0144055624105023
"EnginePetrol",-0.0187828410084137,0.00410351834898452,-4.57725283793646,0.00000476576923216911
"Interior_Colorblack",0.0260803157699203,0.00449856214946644,5.79747815043827,0.00000000692765385743948
"Interior_ColorBlue",-0.0026656530367467,0.021531841755554,-0.123800512144258,0.901475615758049
"Interior_ColorChestnut",0.0100743920581152,0.012860962203602,0.783331130177315,0.433450502531635
"Interior_ColorGrey",-0.018703413394247,0.00529135894631046,-3.53470886855795,0.000409996132433278
"Interior_ColorOther color",0.0224870208158883,0.0106343234895543,2.11456994306939,0.0344903152661532
"Interior_Colorred",0.0830832597102393,0.0245263341647142,3.38751234294811,0.000707907066834767
"Interior_ColorWhite",0.00800969661293083,0.014575837033304,0.549518809426154,0.582661244387316
"Interior_ColorYG",0.108010696316154,0.0261704044334332,4.12720776214556,0.000037005498204818
"log(Mileage)",-0.00347065164636154,0.00143340555168407,-2.42126287447677,0.0154836660331568
"GearboxMechanical",-0.0427489366857811,0.00876973480331834,-4.87459856478277,0.00000110639739301771
"GearboxRobot",0.00106588787377279,0.0116817851545108,0.0912435779013798,0.927300804256661
"GearboxVariator:",0.00708957102044005,0.010995366024541,0.644778082386395,0.519085211444667
"Drive_trainRear",0.0382269654205909,0.0100791258320174,3.7926865938273,0.000149868792962681
"Drive_trainWheel drive",0.0390787230224436,0.00829209912103136,4.71276602607508,0.00000247543210025987
